-- phpMyAdmin SQL Dump
-- version 5.2.0
-- https://www.phpmyadmin.net/
--
-- Host: 127.0.0.1
-- Generation Time: Jan 19, 2023 at 09:25 PM
-- Server version: 10.4.25-MariaDB
-- PHP Version: 8.1.10

SET SQL_MODE = "NO_AUTO_VALUE_ON_ZERO";
START TRANSACTION;
SET time_zone = "+00:00";


/*!40101 SET @OLD_CHARACTER_SET_CLIENT=@@CHARACTER_SET_CLIENT */;
/*!40101 SET @OLD_CHARACTER_SET_RESULTS=@@CHARACTER_SET_RESULTS */;
/*!40101 SET @OLD_COLLATION_CONNECTION=@@COLLATION_CONNECTION */;
/*!40101 SET NAMES utf8mb4 */;

--
-- Database: `captair`
--

-- --------------------------------------------------------

--
-- Table structure for table `air_quality`
--

CREATE TABLE `air_quality` (
  `id` int(11) NOT NULL,
  `airq` varchar(10) NOT NULL,
  `station` int(11) NOT NULL,
  `time` int(11) DEFAULT NULL
) ENGINE=InnoDB DEFAULT CHARSET=utf8mb4;

--
-- Dumping data for table `air_quality`
--

INSERT INTO `air_quality` (`id`, `airq`, `station`, `time`) VALUES
(1, '0', 1, 0),
(392, '0', 1170, 0),
(393, '0', 1171, 0),
(394, '0', 1172, 0),
(395, '0', 1173, 0),
(396, '0', 1174, 0),
(397, '0', 1175, 0),
(398, '0', 1176, 0),
(399, '0', 1177, 0),
(400, '0', 1178, 0),
(401, '0', 1179, 0),
(402, '0', 1180, 0),
(403, '0', 1181, 0),
(404, '0', 1182, 0),
(405, '0', 1183, 0),
(406, '0', 1184, 0),
(407, '0', 1185, 0),
(408, '0', 1186, 0),
(409, '0', 1187, 0),
(410, '0', 1188, 0),
(411, '0', 1189, 0),
(412, '0', 1190, 0),
(413, '0', 1191, 0),
(414, '0', 1192, 0),
(415, '0', 1193, 0),
(416, '0', 1194, 0),
(417, '0', 1195, 0),
(418, '0', 1196, 0),
(419, '0', 1197, 0),
(420, '0', 1198, 0),
(421, '0', 1199, 0),
(422, '0', 1200, 0),
(423, '0', 1201, 0),
(424, '0', 1202, 0),
(425, '0', 1203, 0),
(426, '0', 1204, 0),
(427, '0', 1205, 0),
(428, '0', 1206, 0),
(429, '0', 1207, 0),
(430, '0', 1208, 0),
(431, '0', 1209, 0),
(432, '0', 1210, 0),
(433, '0', 1211, 0),
(434, '0', 1212, 0),
(435, '0', 1213, 0),
(436, '0', 1214, 0),
(437, '0', 1215, 0),
(438, '0', 1216, 0),
(439, '0', 1217, 0),
(440, '0', 1218, 0),
(441, '0', 1219, 0),
(442, '0', 1220, 0),
(443, '0', 1221, 0),
(444, '0', 1222, 0),
(445, '0', 1223, 0),
(446, '0', 1224, 0),
(447, '0', 1225, 0),
(448, '0', 1226, 0),
(449, '0', 1227, 0),
(450, '0', 1228, 0),
(451, '0', 1229, 0),
(452, '0', 1230, 0),
(453, '0', 1231, 0),
(454, '0', 1232, 0),
(455, '0', 1233, 0),
(456, '0', 1234, 0),
(457, '0', 1235, 0),
(458, '0', 1236, 0),
(459, '0', 1237, 0),
(460, '0', 1238, 0),
(461, '0', 1239, 0),
(462, '0', 1240, 0),
(463, '0', 1241, 0),
(464, '0', 1242, 0),
(465, '0', 1243, 0),
(466, '0', 1244, 0),
(467, '0', 1245, 0),
(468, '0', 1246, 0),
(469, '0', 1247, 0),
(470, '0', 1248, 0),
(471, '0', 1249, 0),
(472, '0', 1250, 0),
(473, '0', 1251, 0),
(474, '0', 1252, 0),
(475, '0', 1253, 0),
(476, '0', 1254, 0),
(477, '0', 1255, 0),
(478, '0', 1256, 0),
(479, '0', 1257, 0),
(480, '0', 1258, 0),
(481, '0', 1259, 0),
(482, '0', 1260, 0),
(483, '0', 1261, 0),
(484, '0', 1262, 0),
(485, '0', 1263, 0),
(486, '0', 1264, 0),
(487, '0', 1265, 0),
(488, '0', 1266, 0),
(489, '0', 1267, 0),
(490, '0', 1268, 0),
(491, '0', 1269, 0),
(492, '0', 1270, 0),
(493, '0', 1271, 0),
(494, '0', 1272, 0),
(495, '0', 1273, 0),
(496, '0', 1274, 0),
(497, '0', 1275, 0),
(498, '0', 1276, 0),
(499, '0', 1277, 0),
(500, '0', 1278, 0),
(501, '0', 1279, 0),
(502, '0', 1280, 0),
(503, '0', 1281, 0),
(504, '0', 1282, 0),
(505, '0', 1283, 0),
(506, '0', 1284, 0),
(507, '0', 1285, 0),
(508, '0', 1286, 0),
(509, '0', 1287, 0),
(510, '0', 1288, 0),
(511, '0', 1289, 0),
(512, '0', 1290, 0),
(513, '0', 1291, 0),
(514, '0', 1292, 0),
(515, '0', 1293, 0),
(516, '0', 1294, 0),
(517, '0', 1295, 0),
(518, '0', 1296, 0),
(519, '0', 1297, 0),
(520, '0', 1298, 0),
(521, '0', 1299, 0),
(522, '0', 1300, 0),
(523, '0', 1301, 0),
(524, '0', 1302, 0),
(525, '0', 1303, 0),
(526, '0', 1304, 0),
(527, '0', 1305, 0),
(528, '0', 1306, 0),
(529, '0', 1307, 0),
(530, '0', 1308, 0),
(531, '0', 1309, 0),
(532, '0', 1310, 0),
(533, '0', 1311, 0),
(534, '0', 1312, 0),
(535, '0', 1313, 0),
(536, '0', 1314, 0),
(537, '0', 1315, 0),
(538, '0', 1316, 0),
(539, '0', 1317, 0),
(540, '0', 1318, 0),
(541, '0', 1319, 0),
(542, '0', 1320, 0),
(543, '0', 1321, 0),
(544, '0', 1322, 0),
(545, '0', 1323, 0),
(546, '0', 1324, 0),
(547, '0', 1325, 0),
(548, '0', 1326, 0),
(549, '0', 1327, 0),
(550, '0', 1328, 0),
(551, '0', 1329, 0),
(552, '0', 1330, 0),
(553, '0', 1331, 0),
(554, '0', 1332, 0),
(555, '0', 1333, 0),
(556, '0', 1334, 0),
(557, '0', 1335, 0),
(558, '0', 1336, 0),
(559, '0', 1337, 0),
(560, '0', 1338, 0),
(561, '0', 1339, 0),
(562, '0', 1340, 0),
(563, '0', 1341, 0),
(564, '0', 1342, 0),
(565, '0', 1343, 0),
(566, '0', 1344, 0),
(567, '0', 1345, 0),
(568, '0', 1346, 0),
(569, '0', 1347, 0),
(570, '0', 1348, 0),
(571, '0', 1349, 0),
(572, '0', 1350, 0),
(573, '0', 1351, 0),
(574, '0', 1352, 0),
(575, '0', 1353, 0),
(576, '0', 1354, 0),
(577, '0', 1355, 0),
(578, '0', 1356, 0),
(579, '0', 1357, 0),
(580, '0', 1358, 0),
(581, '0', 1359, 0),
(582, '0', 1360, 0),
(583, '0', 1361, 0),
(584, '0', 1362, 0),
(585, '0', 1363, 0),
(586, '0', 1364, 0),
(587, '0', 1365, 0),
(588, '0', 1366, 0),
(589, '0', 1367, 0),
(590, '0', 1368, 0),
(591, '0', 1369, 0),
(592, '0', 1370, 0),
(593, '0', 1371, 0),
(594, '0', 1372, 0),
(595, '0', 1373, 0),
(596, '0', 1374, 0),
(597, '0', 1375, 0),
(598, '0', 1376, 0),
(599, '0', 1377, 0),
(600, '0', 1378, 0),
(601, '0', 1379, 0),
(602, '0', 1380, 0),
(603, '0', 1381, 0),
(604, '0', 1382, 0),
(605, '0', 1383, 0),
(606, '0', 1384, 0),
(607, '0', 1385, 0),
(608, '0', 1386, 0),
(609, '0', 1387, 0),
(610, '0', 1388, 0),
(611, '0', 1389, 0),
(612, '0', 1390, 0),
(613, '0', 1391, 0),
(614, '0', 1392, 0),
(615, '0', 1393, 0),
(616, '0', 1394, 0),
(617, '0', 1395, 0),
(618, '0', 1396, 0),
(619, '0', 1397, 0),
(620, '0', 1398, 0),
(621, '0', 1399, 0),
(622, '0', 1400, 0),
(623, '0', 1401, 0),
(624, '0', 1402, 0),
(625, '0', 1403, 0),
(626, '0', 1404, 0),
(627, '0', 1405, 0),
(628, '0', 1406, 0),
(629, '0', 1407, 0),
(630, '0', 1408, 0),
(631, '0', 1409, 0),
(632, '0', 1410, 0),
(633, '0', 1411, 0),
(634, '0', 1412, 0),
(635, '0', 1413, 0),
(636, '0', 1414, 0),
(637, '0', 1415, 0),
(638, '0', 1416, 0),
(639, '0', 1417, 0),
(640, '0', 1418, 0),
(641, '0', 1419, 0),
(642, '0', 1420, 0),
(643, '0', 1421, 0),
(644, '0', 1422, 0),
(645, '0', 1423, 0),
(646, '0', 1424, 0),
(647, '0', 1425, 0),
(648, '0', 1426, 0),
(649, '0', 1427, 0),
(650, '0', 1428, 0),
(651, '0', 1429, 0),
(652, '0', 1430, 0),
(653, '0', 1431, 0),
(654, '0', 1432, 0),
(655, '0', 1433, 0),
(656, '0', 1434, 0),
(657, '0', 1435, 0),
(658, '0', 1436, 0),
(659, '0', 1437, 0),
(660, '0', 1438, 0),
(661, '0', 1439, 0),
(662, '0', 1440, 0),
(663, '0', 1441, 0),
(664, '0', 1442, 0),
(665, '0', 1443, 0),
(666, '0', 1444, 0),
(667, '0', 1445, 0),
(668, '0', 1446, 0),
(669, '0', 1447, 0),
(670, '0', 1448, 0),
(671, '0', 1449, 0),
(672, '0', 1450, 0),
(673, '0', 1451, 0),
(674, '0', 1452, 0),
(675, '0', 1453, 0),
(676, '0', 1454, 0),
(677, '0', 1455, 0),
(678, '0', 1456, 0),
(679, '0', 1457, 0),
(680, '0', 1458, 0),
(681, '0', 1459, 0),
(682, '0', 1460, 0),
(683, '0', 1461, 0),
(684, '0', 1462, 0),
(685, '0', 1463, 0),
(686, '0', 1464, 0),
(687, '0', 1466, 0),
(688, '0', 1467, 0),
(689, '0', 1468, 0),
(690, '0', 1469, 0),
(691, '0', 1470, 0),
(692, '0', 1471, 0),
(693, '0', 1472, 0),
(694, '0', 1473, 0),
(695, '0', 1474, 0),
(696, '0', 1475, 0),
(697, '0', 1476, 0),
(698, '0', 1477, 0),
(699, '0', 1478, 0),
(700, '0', 1479, 0),
(701, '0', 1480, 0),
(702, '0', 1481, 0),
(703, '0', 1482, 0),
(704, '0', 1483, 0),
(705, '0', 1484, 0),
(706, '0', 1485, 0),
(707, '0', 1486, 0),
(708, '0', 1487, 0),
(709, '0', 1488, 0),
(710, '0', 1489, 0),
(711, '0', 1490, 0),
(712, '0', 1491, 0),
(713, '0', 1492, 0),
(714, '0', 1493, 0),
(715, '0', 1494, 0),
(716, '0', 1495, 0),
(717, '0', 1496, 0),
(718, '0', 1497, 0),
(719, '0', 1498, 0),
(720, '0', 1499, 0),
(721, '0', 1500, 0),
(722, '0', 1501, 0),
(723, '0', 1502, 0),
(724, '0', 1503, 0),
(725, '0', 1504, 0),
(726, '0', 1505, 0),
(727, '0', 1506, 0),
(728, '0', 1507, 0),
(729, '0', 1508, 0),
(730, '0', 1509, 0),
(731, '0', 1510, 0),
(732, '0', 1511, 0),
(733, '0', 1512, 0),
(734, '0', 1513, 0),
(735, '0', 1514, 0),
(736, '0', 1515, 0),
(737, '0', 1516, 0),
(738, '0', 1517, 0),
(739, '0', 1518, 0),
(740, '0', 1519, 0),
(741, '0', 1520, 0),
(742, '0', 1521, 0),
(743, '0', 1522, 0),
(744, '0', 1523, 0),
(745, '0', 1524, 0),
(746, '0', 1525, 0),
(747, '0', 1526, 0),
(748, '0', 1527, 0),
(749, '0', 1528, 0),
(750, '0', 1529, 0),
(751, '0', 1530, 0),
(752, '0', 1531, 0),
(753, '0', 1532, 0),
(754, '0', 1533, 0),
(755, '0', 1534, 0),
(756, '0', 1535, 0),
(757, '0', 1536, 0),
(758, '0', 1537, 0),
(759, '0', 1538, 0),
(760, '0', 1539, 0),
(761, '0', 1540, 0),
(762, '0', 1541, 0),
(763, '0', 1542, 0),
(764, '0', 1543, 0),
(765, '0', 1544, 0),
(766, '0', 1545, 0),
(767, '0', 1546, 0),
(768, '0', 1547, 0),
(769, '0', 1548, 0),
(770, '0', 1549, 0),
(771, '0', 1550, 0),
(772, '0', 1551, 0),
(773, '0', 1552, 0),
(774, '0', 1553, 0),
(775, '0', 1554, 0),
(776, '0', 1555, 0),
(777, '0', 1556, 0),
(778, '0', 1557, 0),
(779, '0', 1558, 0),
(780, '0', 1559, 0),
(781, '0', 1560, 0),
(1562, 'yellow', 1170, 1671187871),
(1563, 'red', 1171, 1671187871),
(1564, 'yellow', 1172, 1671187871),
(1565, 'red', 1173, 1671187871),
(1566, 'yellow', 1174, 1671187871),
(1567, 'red', 1175, 1671187871),
(1568, 'red', 1176, 1671187871),
(1569, 'red', 1177, 1671187871),
(1570, 'yellow', 1178, 1671187871),
(1571, 'red', 1179, 1671187871),
(1572, 'yellow', 1180, 1671187871),
(1573, 'yellow', 1181, 1671187871),
(1574, 'green', 1182, 1671187871),
(1575, 'red', 1183, 1671187871),
(1576, 'green', 1184, 1671187871),
(1577, 'green', 1185, 1671187871),
(1578, 'red', 1186, 1671187871),
(1579, 'yellow', 1187, 1671187871),
(1580, 'yellow', 1188, 1671187871),
(1581, 'green', 1189, 1671187871),
(1582, 'yellow', 1190, 1671187871),
(1583, 'red', 1191, 1671187871),
(1584, 'green', 1192, 1671187871),
(1585, 'red', 1193, 1671187871),
(1586, 'yellow', 1194, 1671187871),
(1587, 'yellow', 1195, 1671187871),
(1588, 'green', 1196, 1671187871),
(1589, 'green', 1197, 1671187871),
(1590, 'yellow', 1198, 1671187871),
(1591, 'green', 1199, 1671187871),
(1592, 'yellow', 1200, 1671187871),
(1593, 'yellow', 1201, 1671187871),
(1594, 'yellow', 1202, 1671187871),
(1595, 'yellow', 1203, 1671187871),
(1596, 'yellow', 1204, 1671187871),
(1597, 'green', 1205, 1671187871),
(1598, 'green', 1206, 1671187871),
(1599, 'green', 1207, 1671187871),
(1600, 'yellow', 1208, 1671187871),
(1601, 'yellow', 1209, 1671187871),
(1602, 'yellow', 1210, 1671187871),
(1603, 'yellow', 1211, 1671187871),
(1604, 'green', 1212, 1671187871),
(1605, 'red', 1213, 1671187871),
(1606, 'green', 1214, 1671187871),
(1607, 'red', 1215, 1671187871),
(1608, 'yellow', 1216, 1671187871),
(1609, 'green', 1217, 1671187871),
(1610, 'green', 1218, 1671187871),
(1611, 'red', 1219, 1671187871),
(1612, 'green', 1220, 1671187871),
(1613, 'yellow', 1221, 1671187871),
(1614, 'red', 1222, 1671187871),
(1615, 'yellow', 1223, 1671187871),
(1616, 'red', 1224, 1671187871),
(1617, 'green', 1225, 1671187871),
(1618, 'green', 1226, 1671187871),
(1619, 'green', 1227, 1671187871),
(1620, 'red', 1228, 1671187871),
(1621, 'yellow', 1229, 1671187871),
(1622, 'green', 1230, 1671187871),
(1623, 'green', 1231, 1671187871),
(1624, 'green', 1232, 1671187871),
(1625, 'green', 1233, 1671187871),
(1626, 'green', 1234, 1671187871),
(1627, 'red', 1235, 1671187871),
(1628, 'yellow', 1236, 1671187871),
(1629, 'green', 1237, 1671187871),
(1630, 'green', 1238, 1671187871),
(1631, 'red', 1239, 1671187871),
(1632, 'yellow', 1240, 1671187871),
(1633, 'yellow', 1241, 1671187871),
(1634, 'green', 1242, 1671187871),
(1635, 'red', 1243, 1671187871),
(1636, 'green', 1244, 1671187871),
(1637, 'yellow', 1245, 1671187871),
(1638, 'yellow', 1246, 1671187871),
(1639, 'yellow', 1247, 1671187871),
(1640, 'yellow', 1248, 1671187871),
(1641, 'yellow', 1249, 1671187871),
(1642, 'green', 1250, 1671187871),
(1643, 'red', 1251, 1671187871),
(1644, 'green', 1252, 1671187871),
(1645, 'red', 1253, 1671187871),
(1646, 'green', 1254, 1671187871),
(1647, 'yellow', 1255, 1671187871),
(1648, 'yellow', 1256, 1671187871),
(1649, 'green', 1257, 1671187871),
(1650, 'red', 1258, 1671187871),
(1651, 'red', 1259, 1671187871),
(1652, 'yellow', 1260, 1671187871),
(1653, 'red', 1261, 1671187871),
(1654, 'green', 1262, 1671187871),
(1655, 'green', 1263, 1671187871),
(1656, 'green', 1264, 1671187871),
(1657, 'green', 1265, 1671187871),
(1658, 'green', 1266, 1671187871),
(1659, 'red', 1267, 1671187871),
(1660, 'red', 1268, 1671187871),
(1661, 'green', 1269, 1671187871),
(1662, 'red', 1270, 1671187871),
(1663, 'green', 1271, 1671187871),
(1664, 'yellow', 1272, 1671187871),
(1665, 'red', 1273, 1671187871),
(1666, 'yellow', 1274, 1671187871),
(1667, 'red', 1275, 1671187871),
(1668, 'red', 1276, 1671187871),
(1669, 'red', 1277, 1671187871),
(1670, 'yellow', 1278, 1671187871),
(1671, 'yellow', 1279, 1671187871),
(1672, 'red', 1280, 1671187871),
(1673, 'green', 1281, 1671187871),
(1674, 'green', 1282, 1671187871),
(1675, 'yellow', 1283, 1671187871),
(1676, 'green', 1284, 1671187871),
(1677, 'green', 1285, 1671187871),
(1678, 'green', 1286, 1671187871),
(1679, 'green', 1287, 1671187871),
(1680, 'yellow', 1288, 1671187871),
(1681, 'red', 1289, 1671187871),
(1682, 'yellow', 1290, 1671187871),
(1683, 'red', 1291, 1671187871),
(1684, 'yellow', 1292, 1671187871),
(1685, 'green', 1293, 1671187871),
(1686, 'green', 1294, 1671187871),
(1687, 'yellow', 1295, 1671187871),
(1688, 'green', 1296, 1671187871),
(1689, 'red', 1297, 1671187871),
(1690, 'green', 1298, 1671187871),
(1691, 'green', 1299, 1671187871),
(1692, 'yellow', 1300, 1671187871),
(1693, 'yellow', 1301, 1671187871),
(1694, 'yellow', 1302, 1671187871),
(1695, 'green', 1303, 1671187871),
(1696, 'yellow', 1304, 1671187871),
(1697, 'yellow', 1305, 1671187871),
(1698, 'red', 1306, 1671187871),
(1699, 'green', 1307, 1671187871),
(1700, 'red', 1308, 1671187871),
(1701, 'yellow', 1309, 1671187871),
(1702, 'yellow', 1310, 1671187871),
(1703, 'green', 1311, 1671187871),
(1704, 'red', 1312, 1671187871),
(1705, 'yellow', 1313, 1671187871),
(1706, 'yellow', 1314, 1671187871),
(1707, 'green', 1315, 1671187871),
(1708, 'yellow', 1316, 1671187871),
(1709, 'red', 1317, 1671187871),
(1710, 'yellow', 1318, 1671187871),
(1711, 'red', 1319, 1671187871),
(1712, 'red', 1320, 1671187871),
(1713, 'red', 1321, 1671187871),
(1714, 'green', 1322, 1671187871),
(1715, 'yellow', 1323, 1671187871),
(1716, 'red', 1324, 1671187871),
(1717, 'red', 1325, 1671187871),
(1718, 'yellow', 1326, 1671187871),
(1719, 'green', 1327, 1671187871),
(1720, 'red', 1328, 1671187871),
(1721, 'red', 1329, 1671187871),
(1722, 'yellow', 1330, 1671187871),
(1723, 'yellow', 1331, 1671187871),
(1724, 'green', 1332, 1671187871),
(1725, 'green', 1333, 1671187871),
(1726, 'red', 1334, 1671187871),
(1727, 'green', 1335, 1671187871),
(1728, 'green', 1336, 1671187871),
(1729, 'red', 1337, 1671187871),
(1730, 'green', 1338, 1671187871),
(1731, 'green', 1339, 1671187871),
(1732, 'green', 1340, 1671187871),
(1733, 'yellow', 1341, 1671187871),
(1734, 'yellow', 1342, 1671187871),
(1735, 'red', 1343, 1671187871),
(1736, 'green', 1344, 1671187871),
(1737, 'green', 1345, 1671187871),
(1738, 'yellow', 1346, 1671187871),
(1739, 'red', 1347, 1671187871),
(1740, 'green', 1348, 1671187871),
(1741, 'yellow', 1349, 1671187871),
(1742, 'yellow', 1350, 1671187871),
(1743, 'yellow', 1351, 1671187871),
(1744, 'green', 1352, 1671187871),
(1745, 'yellow', 1353, 1671187871),
(1746, 'red', 1354, 1671187871),
(1747, 'yellow', 1355, 1671187871),
(1748, 'red', 1356, 1671187871),
(1749, 'yellow', 1357, 1671187871),
(1750, 'yellow', 1358, 1671187871),
(1751, 'green', 1359, 1671187871),
(1752, 'green', 1360, 1671187871),
(1753, 'red', 1361, 1671187871),
(1754, 'yellow', 1362, 1671187871),
(1755, 'green', 1363, 1671187871),
(1756, 'red', 1364, 1671187871),
(1757, 'yellow', 1365, 1671187871),
(1758, 'yellow', 1366, 1671187871),
(1759, 'yellow', 1367, 1671187871),
(1760, 'green', 1368, 1671187871),
(1761, 'red', 1369, 1671187871),
(1762, 'green', 1370, 1671187871),
(1763, 'yellow', 1371, 1671187871),
(1764, 'red', 1372, 1671187871),
(1765, 'green', 1373, 1671187871),
(1766, 'yellow', 1374, 1671187871),
(1767, 'red', 1375, 1671187871),
(1768, 'red', 1376, 1671187871),
(1769, 'green', 1377, 1671187871),
(1770, 'yellow', 1378, 1671187871),
(1771, 'red', 1379, 1671187871),
(1772, 'yellow', 1380, 1671187871),
(1773, 'red', 1381, 1671187871),
(1774, 'green', 1382, 1671187871),
(1775, 'red', 1383, 1671187871),
(1776, 'red', 1384, 1671187871),
(1777, 'red', 1385, 1671187871),
(1778, 'yellow', 1386, 1671187871),
(1779, 'green', 1387, 1671187871),
(1780, 'red', 1388, 1671187871),
(1781, 'green', 1389, 1671187871),
(1782, 'green', 1390, 1671187871),
(1783, 'yellow', 1391, 1671187871),
(1784, 'yellow', 1392, 1671187871),
(1785, 'red', 1393, 1671187871),
(1786, 'yellow', 1394, 1671187871),
(1787, 'red', 1395, 1671187871),
(1788, 'yellow', 1396, 1671187871),
(1789, 'yellow', 1397, 1671187871),
(1790, 'green', 1398, 1671187871),
(1791, 'green', 1399, 1671187871),
(1792, 'red', 1400, 1671187871),
(1793, 'yellow', 1401, 1671187871),
(1794, 'green', 1402, 1671187871),
(1795, 'red', 1403, 1671187871),
(1796, 'yellow', 1404, 1671187871),
(1797, 'yellow', 1405, 1671187871),
(1798, 'red', 1406, 1671187871),
(1799, 'green', 1407, 1671187871),
(1800, 'green', 1408, 1671187871),
(1801, 'green', 1409, 1671187871),
(1802, 'yellow', 1410, 1671187871),
(1803, 'red', 1411, 1671187871),
(1804, 'green', 1412, 1671187871),
(1805, 'red', 1413, 1671187871),
(1806, 'yellow', 1414, 1671187871),
(1807, 'yellow', 1415, 1671187871),
(1808, 'red', 1416, 1671187871),
(1809, 'yellow', 1417, 1671187871),
(1810, 'red', 1418, 1671187871),
(1811, 'red', 1419, 1671187871),
(1812, 'red', 1420, 1671187871),
(1813, 'red', 1421, 1671187871),
(1814, 'red', 1422, 1671187871),
(1815, 'yellow', 1423, 1671187871),
(1816, 'yellow', 1424, 1671187871),
(1817, 'yellow', 1425, 1671187871),
(1818, 'red', 1426, 1671187871),
(1819, 'green', 1427, 1671187871),
(1820, 'green', 1428, 1671187871),
(1821, 'green', 1429, 1671187871),
(1822, 'red', 1430, 1671187871),
(1823, 'red', 1431, 1671187871),
(1824, 'red', 1432, 1671187871),
(1825, 'red', 1433, 1671187871),
(1826, 'green', 1434, 1671187871),
(1827, 'red', 1435, 1671187871),
(1828, 'green', 1436, 1671187871),
(1829, 'yellow', 1437, 1671187871),
(1830, 'yellow', 1438, 1671187871),
(1831, 'yellow', 1439, 1671187871),
(1832, 'red', 1440, 1671187871),
(1833, 'green', 1441, 1671187871),
(1834, 'green', 1442, 1671187871),
(1835, 'yellow', 1443, 1671187871),
(1836, 'red', 1444, 1671187871),
(1837, 'yellow', 1445, 1671187871),
(1838, 'green', 1446, 1671187871),
(1839, 'green', 1447, 1671187871),
(1840, 'yellow', 1448, 1671187871),
(1841, 'green', 1449, 1671187871),
(1842, 'green', 1450, 1671187871),
(1843, 'green', 1451, 1671187871),
(1844, 'green', 1452, 1671187871),
(1845, 'yellow', 1453, 1671187871),
(1846, 'green', 1454, 1671187871),
(1847, 'red', 1455, 1671187871),
(1848, 'green', 1456, 1671187871),
(1849, 'green', 1457, 1671187871),
(1850, 'green', 1458, 1671187871),
(1851, 'yellow', 1459, 1671187871),
(1852, 'red', 1460, 1671187871),
(1853, 'green', 1461, 1671187871),
(1854, 'red', 1462, 1671187871),
(1855, 'green', 1463, 1671187871),
(1856, 'red', 1464, 1671187871),
(1857, 'yellow', 1466, 1671187871),
(1858, 'green', 1467, 1671187871),
(1859, 'red', 1468, 1671187871),
(1860, 'yellow', 1469, 1671187871),
(1861, 'yellow', 1470, 1671187871),
(1862, 'red', 1471, 1671187871),
(1863, 'red', 1472, 1671187871),
(1864, 'green', 1473, 1671187871),
(1865, 'green', 1474, 1671187871),
(1866, 'red', 1475, 1671187871),
(1867, 'yellow', 1476, 1671187871),
(1868, 'yellow', 1477, 1671187871),
(1869, 'yellow', 1478, 1671187871),
(1870, 'yellow', 1479, 1671187871),
(1871, 'yellow', 1480, 1671187871),
(1872, 'red', 1481, 1671187871),
(1873, 'yellow', 1482, 1671187871),
(1874, 'yellow', 1483, 1671187871),
(1875, 'red', 1484, 1671187871),
(1876, 'red', 1485, 1671187871),
(1877, 'red', 1486, 1671187871),
(1878, 'red', 1487, 1671187871),
(1879, 'red', 1488, 1671187871),
(1880, 'yellow', 1489, 1671187871),
(1881, 'green', 1490, 1671187871),
(1882, 'yellow', 1491, 1671187871),
(1883, 'red', 1492, 1671187871),
(1884, 'yellow', 1493, 1671187871),
(1885, 'red', 1494, 1671187871),
(1886, 'green', 1495, 1671187871),
(1887, 'yellow', 1496, 1671187871),
(1888, 'green', 1497, 1671187871),
(1889, 'green', 1498, 1671187871),
(1890, 'yellow', 1499, 1671187871),
(1891, 'red', 1500, 1671187871),
(1892, 'green', 1501, 1671187871),
(1893, 'green', 1502, 1671187871),
(1894, 'green', 1503, 1671187871),
(1895, 'yellow', 1504, 1671187871),
(1896, 'red', 1505, 1671187871),
(1897, 'green', 1506, 1671187871),
(1898, 'green', 1507, 1671187871),
(1899, 'yellow', 1508, 1671187871),
(1900, 'yellow', 1509, 1671187871),
(1901, 'red', 1510, 1671187871),
(1902, 'green', 1511, 1671187871),
(1903, 'yellow', 1512, 1671187871),
(1904, 'yellow', 1513, 1671187871),
(1905, 'red', 1514, 1671187871),
(1906, 'green', 1515, 1671187871),
(1907, 'green', 1516, 1671187871),
(1908, 'red', 1517, 1671187871),
(1909, 'green', 1518, 1671187871),
(1910, 'yellow', 1519, 1671187871),
(1911, 'red', 1520, 1671187871),
(1912, 'red', 1521, 1671187871),
(1913, 'yellow', 1522, 1671187871),
(1914, 'red', 1523, 1671187871),
(1915, 'red', 1524, 1671187871),
(1916, 'green', 1525, 1671187871),
(1917, 'yellow', 1526, 1671187871),
(1918, 'green', 1527, 1671187871),
(1919, 'yellow', 1528, 1671187871),
(1920, 'red', 1529, 1671187871),
(1921, 'red', 1530, 1671187871),
(1922, 'yellow', 1531, 1671187871),
(1923, 'yellow', 1532, 1671187871),
(1924, 'red', 1533, 1671187871),
(1925, 'yellow', 1534, 1671187871),
(1926, 'red', 1535, 1671187871),
(1927, 'red', 1536, 1671187871),
(1928, 'green', 1537, 1671187871),
(1929, 'red', 1538, 1671187871),
(1930, 'green', 1539, 1671187871),
(1931, 'yellow', 1540, 1671187871),
(1932, 'yellow', 1541, 1671187871),
(1933, 'yellow', 1542, 1671187871),
(1934, 'green', 1543, 1671187871),
(1935, 'red', 1544, 1671187871),
(1936, 'red', 1545, 1671187871),
(1937, 'red', 1546, 1671187871),
(1938, 'green', 1547, 1671187871),
(1939, 'green', 1548, 1671187871),
(1940, 'yellow', 1549, 1671187871),
(1941, 'green', 1550, 1671187871),
(1942, 'yellow', 1551, 1671187871),
(1943, 'red', 1552, 1671187871),
(1944, 'red', 1553, 1671187871),
(1945, 'green', 1554, 1671187871),
(1946, 'red', 1555, 1671187871),
(1947, 'red', 1556, 1671187871),
(1948, 'red', 1557, 1671187871),
(1949, 'red', 1558, 1671187871),
(1950, 'yellow', 1559, 1671187871),
(1951, 'green', 1560, 1671187871);

-- --------------------------------------------------------

--
-- Table structure for table `capteurs`
--

CREATE TABLE `capteurs` (
  `id_sql` int(11) NOT NULL,
  `id` text NOT NULL,
  `status` int(11) NOT NULL,
  `owner` int(11) NOT NULL
) ENGINE=InnoDB DEFAULT CHARSET=utf8mb4;

--
-- Dumping data for table `capteurs`
--

INSERT INTO `capteurs` (`id_sql`, `id`, `status`, `owner`) VALUES
(3, 'AE16Ffssdf', 0, 24),
(4, 'SFFSD', 0, 24);

-- --------------------------------------------------------

--
-- Table structure for table `faq`
--

CREATE TABLE `faq` (
  `id` int(11) NOT NULL,
  `titre` varchar(500) NOT NULL,
  `contenu` text NOT NULL
) ENGINE=InnoDB DEFAULT CHARSET=utf8mb4;

--
-- Dumping data for table `faq`
--

INSERT INTO `faq` (`id`, `titre`, `contenu`) VALUES
(4, 'Quelle est la fonction principale de nos bracelets Captair ?', 'Notre entreprise Captair a pour objectif de fournir des bracelets équipés de capteurs pour permettre \r\naux utilisateurs de connaître l\'état en temps réel du réseau de métro à Paris. En utilisant une flotte d\r\n\'utilisateurs équipés de nos bracelets, nous pouvons fournir des informations sur \r\nl\'état du réseau de manière précise.\r\n'),
(5, 'Comment utiliser les informations fournies par les bracelets Captair ?', 'Les informations collectées par les bracelets Captair sont disponibles en temps réel sur \r\nnotre site web dans l\'onglet \"données\". Vous pouvez également paramétrer \r\ndes alertes pour être informé en temps réel des perturbations sur le réseau.'),
(6, 'Qu\'arrive-t-il si mon bracelet Captair ne fonctionne plus ?', 'Si votre bracelet Captair ne fonctionne plus correctement, \r\nn\'hésitez pas à nous contacter pour que nous puissions vous aider à résoudre le problème. \r\nNous disposons d\'un service d\'assistance clientèle dédié qui se tient à votre disposition pour répondre\r\nà toutes vos questions et vous aider à résoudre les problèmes éventuels.'),
(7, 'Est-il possible de consulter l\'état du réseau de métro à Paris sans posséder un bracelet Captair ?', 'Oui, il est possible de consulter l\'état du réseau de métro à Paris même si vous ne possédez \r\npas un bracelet Captair. Les informations collectées par nos utilisateurs équipés de bracelets sont disponibles en temps réel sur notre application mobile, \r\net sont accessibles à tous les utilisateurs. \r\nIl vous suffit de télécharger l\'application et de vous connecter pour avoir accès à ces informations.'),
(8, 'Comment jumeler sa montre avec son compte ? ', 'Pour synchroniser votre montre avec votre compte, \r\nil suffit de suivre ces quelques étapes.\r\n Lors de l\'acquisition de votre montre, vous recevrez un code de jumelage unique. \r\nEn accédant à votre compte en ligne, \r\nvous pourrez entrer ce code pour établir une liaison entre votre montre et votre compte. \r\nCette opération ne prend que quelques minutes \r\net vous permettra de bénéficier des fonctionnalités de votre montre de manière optimale.'),
(9, 'Quel est le délai de préparation et d\'expédition pour les commandes ?', 'Concernant le délai de préparation et d\'expédition des commandes, \r\nsachez que dès validation de votre commande, celle-ci sera mise en fabrication.\r\n Il faut généralement compter entre une à deux semaines pour la réception de votre commande, \r\naprès expédition de celle-ci. Nous nous efforçons de maintenir des délais d\'expédition aussi courts que\r\n possible tout en garantissant la qualité de nos produits.\r\n N\'hésitez pas à nous contacter pour toutes questions supplémentaires.');

-- --------------------------------------------------------

--
-- Table structure for table `metro_line`
--

CREATE TABLE `metro_line` (
  `id_sql` int(11) NOT NULL,
  `ID` varchar(4) NOT NULL,
  `lien_logo` text NOT NULL,
  `hex_color` varchar(6) NOT NULL,
  `light_hex` varchar(6) NOT NULL
) ENGINE=InnoDB DEFAULT CHARSET=utf8mb4;

--
-- Dumping data for table `metro_line`
--

INSERT INTO `metro_line` (`id_sql`, `ID`, `lien_logo`, `hex_color`, `light_hex`) VALUES
(1, '14', 'https://upload.wikimedia.org/wikipedia/commons/9/93/Paris_transit_icons_-_M%C3%A9tro_14.svg', '62259D', 'E9DAF6'),
(2, '1', 'https://upload.wikimedia.org/wikipedia/commons/3/30/Paris_transit_icons_-_M%C3%A9tro_1.svg', 'FFCD00', 'FFF0B6'),
(4, '13', 'https://upload.wikimedia.org/wikipedia/commons/a/a9/Paris_transit_icons_-_M%C3%A9tro_13.svg', '6EC4E8', 'CBEAF7'),
(5, '12', 'https://upload.wikimedia.org/wikipedia/commons/3/3f/Paris_transit_icons_-_M%C3%A9tro_12.svg', '007852', '99c9ba'),
(6, '7bis', 'https://upload.wikimedia.org/wikipedia/commons/a/ad/Paris_transit_icons_-_M%C3%A9tro_7bis.svg', '82DC73', 'DCF5D7'),
(7, '6', 'https://upload.wikimedia.org/wikipedia/commons/6/6f/Paris_transit_icons_-_M%C3%A9tro_6.svg', '82DC73', 'DCF5D7'),
(8, '5', 'https://upload.wikimedia.org/wikipedia/commons/5/54/Paris_transit_icons_-_M%C3%A9tro_5.svg', 'FF5A00', 'FFC4A4'),
(9, '2', 'https://upload.wikimedia.org/wikipedia/commons/d/da/Paris_transit_icons_-_M%C3%A9tro_2.svg', '0055C8', 'A6CBFF'),
(10, '3', 'https://upload.wikimedia.org/wikipedia/commons/0/01/Paris_transit_icons_-_M%C3%A9tro_3.svg', '6E6E00', 'c5c599'),
(11, '4', 'https://upload.wikimedia.org/wikipedia/commons/7/76/Paris_transit_icons_-_M%C3%A9tro_4.svg', 'CF009E', 'FFBFF0'),
(12, '7', 'https://upload.wikimedia.org/wikipedia/commons/2/21/Paris_transit_icons_-_M%C3%A9tro_7.svg', 'FA9ABA', 'FEE9F0'),
(13, '8', 'https://upload.wikimedia.org/wikipedia/commons/e/e8/Paris_transit_icons_-_M%C3%A9tro_8.svg', 'E19BDF', 'F9EAF8'),
(14, '9', 'https://upload.wikimedia.org/wikipedia/commons/1/10/Paris_transit_icons_-_M%C3%A9tro_9.svg', 'B6BD00', 'E9EBB2'),
(15, '10', 'https://upload.wikimedia.org/wikipedia/commons/2/24/Paris_transit_icons_-_M%C3%A9tro_10.svg', 'C9910D', 'FAE4B0'),
(16, '11', 'https://upload.wikimedia.org/wikipedia/commons/c/c1/Paris_transit_icons_-_M%C3%A9tro_11.svg', '704B1C', 'F4E7D4'),
(17, '3bis', 'https://upload.wikimedia.org/wikipedia/commons/4/49/Paris_transit_icons_-_M%C3%A9tro_3bis.svg', '6EC4E8', 'CBEAF7');

-- --------------------------------------------------------

--
-- Table structure for table `newsletter`
--

CREATE TABLE `newsletter` (
  `id` int(11) NOT NULL,
  `email` int(11) NOT NULL,
  `date` int(24) NOT NULL DEFAULT current_timestamp()
) ENGINE=InnoDB DEFAULT CHARSET=utf8mb4;

--
-- Dumping data for table `newsletter`
--

INSERT INTO `newsletter` (`id`, `email`, `date`) VALUES
(6, 0, 2147483647),
(7, 0, 2147483647),
(8, 0, 2147483647),
(9, 0, 2147483647),
(10, 0, 2147483647),
(11, 0, 2147483647),
(12, 0, 2147483647),
(13, 0, 2147483647),
(14, 0, 2147483647),
(15, 0, 2147483647),
(16, 0, 2147483647),
(17, 0, 2147483647),
(18, 0, 2147483647),
(19, 0, 2147483647),
(20, 0, 2147483647),
(21, 0, 2147483647);

-- --------------------------------------------------------

--
-- Table structure for table `onetimepasses`
--

CREATE TABLE `onetimepasses` (
  `id` int(11) NOT NULL,
  `token` varchar(36) NOT NULL,
  `utilisation` int(11) NOT NULL,
  `creation_time` int(11) NOT NULL,
  `account_id` int(11) NOT NULL
) ENGINE=InnoDB DEFAULT CHARSET=utf8mb4;

--
-- Dumping data for table `onetimepasses`
--

INSERT INTO `onetimepasses` (`id`, `token`, `utilisation`, `creation_time`, `account_id`) VALUES
(9, 'UNLkJJUyur1vChVk2pem0Phmqetg3J', 1, 8, 23),
(23, '9jtrhoJBtAlpHIcPX9TIr37saeUI3s', 0, 1667904102, 25),
(24, 'K6UIgIJIgiz30wp4tRMLDDKAxfATs8', 0, 1667904937, 26),
(25, 'He8SesYYKdo1IoVjTzUxwQjDzHKbav', 0, 1667905011, 27),
(26, 'NthU3o30vTgAfmrpWO5sd0RZ01mnLB', 0, 1667905078, 28),
(27, 'w8GgmIge3QbvyEOT4Ucad5TWwgz2zE', 0, 1667905146, 29),
(28, 'gI00qgRHil8NsVvzHAD6LfaRMYLuAF', 0, 1667905195, 30),
(30, 'Dty6pnDJYAdI2Aj5LgMVJVdyW1seZ9', 0, 1667905407, 32),
(31, 'arpjLX1RdPn9mDWymIuBWX84JxWrbT', 0, 1667905578, 33),
(32, 'Lk24P79FAN4dHwhkUZkRCBD2YRTXkH', 0, 1667920640, 31),
(33, 'AaFmrDrmYxbFeScvVppde9D6Nr1Ksr', 0, 1667920714, 34),
(35, 'XehQzxWIzBPmT08zZr7IlrKE9rjDRI', 0, 1668780013, 35),
(36, 'GbKrtcaUKJzoG7j0HBjXECXnOjTubc', 0, 1668780037, 1);

-- --------------------------------------------------------

--
-- Table structure for table `stations`
--

CREATE TABLE `stations` (
  `id` int(11) NOT NULL,
  `ligne` varchar(5) NOT NULL,
  `nom` text NOT NULL,
  `ordre` int(11) NOT NULL,
  `branche` varchar(1) NOT NULL
) ENGINE=InnoDB DEFAULT CHARSET=utf8mb4;

--
-- Dumping data for table `stations`
--

INSERT INTO `stations` (`id`, `ligne`, `nom`, `ordre`, `branche`) VALUES
(1170, '1', 'GARE DE LYON', 19, ''),
(1171, '14', 'GARE DE LYON', 5, ''),
(1172, '2', 'BELLEVILLE', 19, ''),
(1173, '11', 'BELLEVILLE', 7, ''),
(1174, '3', 'OPERA', 12, ''),
(1175, '7', 'OPERA', 0, ''),
(1176, '8', 'OPERA', 0, ''),
(1177, '1', 'SAINT-MANDE-TOURELLE', 23, ''),
(1178, '5', 'HOCHE', 4, ''),
(1179, '6', 'BERCY', 23, ''),
(1180, '14', 'BERCY', 4, ''),
(1181, '6', 'DAUMESNIL', 25, ''),
(1182, '8', 'DAUMESNIL', 0, ''),
(1183, '13', 'SAINT-DENIS-UNIVERSITE', 0, ''),
(1184, '8', 'BALARD', 0, ''),
(1185, '3', 'PEREIRE', 5, ''),
(1186, '10', 'CHARLES MICHELS', 10, ''),
(1187, '2', 'COLONEL FABIEN', 18, ''),
(1188, '6', 'GLACIERE', 17, ''),
(1189, '8', 'RICHELIEU-DROUOT', 0, ''),
(1190, '9', 'RICHELIEU-DROUOT', 21, ''),
(1191, '2', 'MENILMONTANT', 21, ''),
(1192, '13', 'LES COURTILLES', 0, ''),
(1193, '13', 'PORTE DE SAINT-OUEN', 0, ''),
(1194, '7bis', 'PLACE DES FETES', 6, ''),
(1195, '11', 'PLACE DES FETES', 10, ''),
(1196, '11', 'PYRENEES', 8, ''),
(1197, '11', 'GONCOURT', 6, ''),
(1198, '8', 'FAIDHERBE-CHALIGNY', 0, ''),
(1199, '2', 'BLANCHE', 10, ''),
(1200, '8', 'CHARENTON-ECOLES', 0, ''),
(1201, '9', 'SAINT-AMBROISE', 27, ''),
(1202, '11', 'RAMBUTEAU', 3, ''),
(1203, '6', 'DUPLEIX', 7, ''),
(1204, '1', 'LOUVRE', 14, ''),
(1205, '7', 'CADET', 0, ''),
(1206, '6', 'QUAI DE LA GARE', 22, ''),
(1207, '4', 'ETIENNE MARCEL', 11, ''),
(1208, '8', 'MAISONS-ALFORT-STADE', 0, ''),
(1209, '8', 'CRETEIL-L\'ECHAT', 0, ''),
(1210, '9', 'IENA', 13, ''),
(1211, '6', 'CAMBRONNE', 9, ''),
(1212, '9', 'EXELMANS', 5, ''),
(1213, '6', 'BEL AIR', 26, ''),
(1214, '6', 'CORVISART', 18, ''),
(1215, '9', 'BUZENVAL', 32, ''),
(1216, '12', 'RUE DU BAC', 0, ''),
(1217, '8', 'MAISONS-ALFORT-LES JUILLIOTTES', 0, ''),
(1218, '10', 'MAUBERT-MUTUALITE', 21, ''),
(1219, '2', 'PHILIPPE AUGUSTE', 23, ''),
(1220, '6', 'SEVRES-LECOURBE', 10, ''),
(1221, '2', 'MONCEAU', 6, ''),
(1222, '10', 'CARDINAL LEMOINE', 22, ''),
(1223, '12', 'RENNES', 0, ''),
(1224, '10', 'VANEAU', 15, ''),
(1225, '6', 'KLEBER', 2, ''),
(1226, '7bis', 'BOTZARIS', 5, ''),
(1227, '7bis', 'BOLIVAR', 3, ''),
(1228, '10', 'EGLISE D\'AUTEUIL', 7, 'A'),
(1229, '4', 'MONTPARNASSE-BIENVENUE', 20, ''),
(1230, '6', 'MONTPARNASSE-BIENVENUE', 12, ''),
(1231, '12', 'MONTPARNASSE-BIENVENUE', 0, ''),
(1232, '13', 'MONTPARNASSE-BIENVENUE', 0, ''),
(1233, '4', 'LES HALLES', 12, ''),
(1234, '5', 'PLACE D\'ITALIE', 22, ''),
(1235, '6', 'PLACE D\'ITALIE', 19, ''),
(1236, '7', 'PLACE D\'ITALIE', 0, ''),
(1237, '4', 'STRASBOURG-SAINT-DENIS', 9, ''),
(1238, '8', 'STRASBOURG-SAINT-DENIS', 0, ''),
(1239, '9', 'STRASBOURG-SAINT-DENIS', 24, ''),
(1240, '4', 'CHATEAU ROUGE', 4, ''),
(1241, '4', 'PORTE DE CLIGNANCOURT', 1, ''),
(1242, '1', 'PORTE DE VINCENNES', 22, ''),
(1243, '8', 'MADELEINE', 0, ''),
(1244, '12', 'MADELEINE', 0, ''),
(1245, '14', 'MADELEINE', 8, ''),
(1246, '13', 'PORTE DE CLICHY', 0, ''),
(1247, '14', 'PORTE DE CLICHY', 11, ''),
(1248, '2', 'PLACE CLICHY', 9, ''),
(1249, '13', 'PLACE CLICHY', 0, ''),
(1250, '6', 'LA MOTTE-PICQUET-GRENELLE', 8, ''),
(1251, '8', 'LA MOTTE-PICQUET-GRENELLE', 0, ''),
(1252, '10', 'LA MOTTE-PICQUET-GRENELLE', 12, ''),
(1253, '2', 'LA CHAPELLE', 15, ''),
(1254, '4', 'MAIRIE DE MONTROUGE', 27, ''),
(1255, '7', 'CHAUSSEE D\'ANTIN-LA FAYETTE', 0, ''),
(1256, '9', 'CHAUSSEE D\'ANTIN-LA FAYETTE', 20, ''),
(1257, '4', 'PORTE D\'ORLEANS', 26, ''),
(1258, '1', 'PORTE MAILLOT', 5, ''),
(1259, '2', 'JAURES', 17, ''),
(1260, '5', 'JAURES', 8, ''),
(1261, '7bis', 'JAURES', 2, ''),
(1262, '3', 'GALLIENI', 26, ''),
(1263, '1', 'CHATEAU DE VINCENNES', 25, ''),
(1264, '3', 'REAUMUR-SEBASTOPOL', 17, ''),
(1265, '4', 'REAUMUR-SEBASTOPOL', 10, ''),
(1266, '9', 'PONT DE SEVRES', 1, ''),
(1267, '13', 'PORTE DE VANVES', 0, ''),
(1268, '10', 'SEVRES-BABYLONE', 16, ''),
(1269, '12', 'SEVRES-BABYLONE', 0, ''),
(1270, '5', 'PORTE DE PANTIN', 5, ''),
(1271, '9', 'PORTE DE MONTREUIL', 34, ''),
(1272, '9', 'LA MUETTE', 10, ''),
(1273, '14', 'COUR SAINT-EMILION', 3, ''),
(1274, '7', 'JUSSIEU', 0, ''),
(1275, '10', 'JUSSIEU', 23, ''),
(1276, '12', 'MAIRIE D\'ISSY', 0, ''),
(1277, '5', 'EGLISE DE PANTIN', 3, ''),
(1278, '8', 'BONNE NOUVELLE', 0, ''),
(1279, '9', 'BONNE NOUVELLE', 23, ''),
(1280, '6', 'CHEVALERET', 21, ''),
(1281, '9', 'CHARONNE', 29, ''),
(1282, '9', 'ALMA-MARCEAU', 14, ''),
(1283, '8', 'CRETEIL-UNIVERSITE', 0, ''),
(1284, '7', 'POISSONNIERE', 0, ''),
(1285, '7', 'TOLBIAC', 0, ''),
(1286, '8', 'ECOLE VETERINAIRE DE MAISONS-ALFORT', 0, ''),
(1287, '3', 'SENTIER', 16, ''),
(1288, '8', 'COMMERCE', 0, ''),
(1289, '13', 'PERNETY', 0, ''),
(1290, '7', 'VILLEJUIF-LEO LAGRANGE', 0, ''),
(1291, '9', 'SAINT-PHILIPPE-DU-ROULE', 16, ''),
(1292, '12', 'NOTRE-DAME-DE-LORETTE', 0, ''),
(1293, '6', 'DUGOMMIER', 24, ''),
(1294, '5', 'SAINT-MARCEL', 20, ''),
(1295, '7', 'PORTE DE CHOISY', 0, ''),
(1296, '7', 'RIQUET', 0, ''),
(1297, '5', 'RICHARD LENOIR', 15, ''),
(1298, '13', 'CARREFOUR PLEYEL', 0, ''),
(1299, '8', 'PORTE DE CHARENTON', 0, ''),
(1300, '6', 'EDGAR QUINET', 13, ''),
(1301, '2', 'AVRON', 25, ''),
(1302, '7', 'PORTE D\'IVRY', 0, ''),
(1303, '7', 'PONT NEUF', 0, ''),
(1304, '4', 'MOUTON-DUVERNET', 24, ''),
(1305, '7', 'PONT MARIE', 0, ''),
(1306, '7', 'PIERRE CURIE', 0, ''),
(1307, '8', 'FILLES DU CALVAIRE', 0, ''),
(1308, '8', 'CHEMIN VERT', 0, ''),
(1309, '6', 'PICPUS', 27, ''),
(1310, '3', 'TEMPLE', 19, ''),
(1311, '5', 'QUAI DE LA RAPEE', 18, ''),
(1312, '7bis', 'DANUBE', 8, ''),
(1313, '7bis', 'PRE-SAINT-GERVAIS', 7, ''),
(1314, '14', 'BIBLIOTHEQUE', 2, ''),
(1315, '1', 'CHATELET', 15, ''),
(1316, '4', 'CHATELET', 13, ''),
(1317, '7', 'CHATELET', 0, ''),
(1318, '11', 'CHATELET', 1, ''),
(1319, '14', 'CHATELET', 6, ''),
(1320, '5', 'BOBIGNY-PABLO PICASSO', 1, ''),
(1321, '5', 'GARE D\'AUSTERLITZ', 19, ''),
(1322, '10', 'GARE D\'AUSTERLITZ', 30, ''),
(1323, '3', 'HAVRE-CAUMARTIN', 11, ''),
(1324, '9', 'HAVRE-CAUMARTIN', 19, ''),
(1325, '7', 'AUBERVILLIERS-PANTIN-QUATRE CHEMINS', 0, ''),
(1326, '6', 'TROCADERO', 4, ''),
(1327, '9', 'TROCADERO', 12, ''),
(1328, '14', 'OLYMPIADES', 1, ''),
(1329, '2', 'STALINGRAD', 16, ''),
(1330, '5', 'STALINGRAD', 9, ''),
(1331, '7', 'STALINGRAD', 0, ''),
(1332, '7', 'LA COURNEUVE-8 MAI 1945', 0, ''),
(1333, '1', 'PONT DE NEUILLY', 3, ''),
(1334, '3', 'GAMBETTA', 24, ''),
(1335, '3bis', 'GAMBETTA', 4, ''),
(1336, '1', 'ESPLANADE DE LA DEFENSE', 2, ''),
(1337, '1', 'SAINT-PAUL', 17, ''),
(1338, '1', 'CHARLES DE GAULLE-ETOILE', 7, ''),
(1339, '2', 'CHARLES DE GAULLE-ETOILE', 3, ''),
(1340, '6', 'CHARLES DE GAULLE-ETOILE', 1, ''),
(1341, '1', 'LES SABLONS', 4, ''),
(1342, '13', 'GABRIEL PERI', 0, ''),
(1343, '4', 'SAINT-MICHEL', 15, ''),
(1344, '9', 'CROIX DE CHAVAUX', 36, ''),
(1345, '9', 'MIROMESNIL', 17, ''),
(1346, '13', 'MIROMESNIL', 0, ''),
(1347, '7', 'CRIMEE', 0, ''),
(1348, '8', 'INVALIDES', 0, ''),
(1349, '13', 'INVALIDES', 0, ''),
(1350, '2', 'PERE LACHAISE', 22, ''),
(1351, '3', 'PERE LACHAISE', 23, ''),
(1352, '9', 'VOLTAIRE', 28, ''),
(1353, '13', 'SAINT-DENIS-PORTE DE PARIS', 0, ''),
(1354, '12', 'PORTE DE VERSAILLES', 0, ''),
(1355, '9', 'ROBESPIERRE', 35, ''),
(1356, '10', 'DUROC', 14, ''),
(1357, '13', 'DUROC', 0, ''),
(1358, '12', 'VAUGIRARD', 0, ''),
(1359, '9', 'RUE DE LA POMPE', 11, ''),
(1360, '12', 'MARX DORMOY', 0, ''),
(1361, '4', 'SAINT-GERMAIN DES PRES', 17, ''),
(1362, '5', 'BOBIGNY-PANTIN-RAYMOND QUENEAU', 2, ''),
(1363, '8', 'BOUCICAUT', 0, ''),
(1364, '2', 'COURONNES', 20, ''),
(1365, '8', 'CRETEIL-POINTE DU LAC', 0, ''),
(1366, '2', 'PORTE DAUPHINE', 1, ''),
(1367, '3', 'SAINT-MAUR', 22, ''),
(1368, '12', 'FRONT POPULAIRE', 0, ''),
(1369, '12', 'PORTE DE LA CHAPELLE', 0, ''),
(1370, '7', 'PLACE MONGE', 0, ''),
(1371, '9', 'RUE DES BOULETS', 30, ''),
(1372, '5', 'JACQUES BONSERGENT', 12, ''),
(1373, '12', 'VOLONTAIRES', 0, ''),
(1374, '3', 'BOURSE', 14, ''),
(1375, '7', 'CORENTIN CARIOU', 0, ''),
(1376, '8', 'LOURMEL', 0, ''),
(1377, '2', 'ROME', 8, ''),
(1378, '7', 'LE PELETIER', 0, ''),
(1379, '13', 'GAITE', 0, ''),
(1380, '11', 'TELEGRAPHE', 11, ''),
(1381, '4', 'SAINT-SULPICE', 18, ''),
(1382, '7', 'LOUIS BLANC', 0, ''),
(1383, '7bis', 'LOUIS BLANC', 1, ''),
(1384, '13', 'BROCHANT', 0, ''),
(1385, '3', 'WAGRAM', 6, ''),
(1386, '9', 'JASMIN', 8, ''),
(1387, '12', 'SOLFERINO', 0, ''),
(1388, '13', 'SAINT-FRANCOIS-XAVIER', 0, ''),
(1389, '3', 'QUATRE-SEPTEMBRE', 13, ''),
(1390, '13', 'LIEGE', 0, ''),
(1391, '8', 'MONTGALLET', 0, ''),
(1392, '10', 'AVENUE EMILE ZOLA', 11, ''),
(1393, '10', 'MIRABEAU', 8, 'B'),
(1394, '12', 'FALGUIERE', 0, ''),
(1395, '10', 'CHARDON-LAGACHE', 6, 'B'),
(1396, '3', 'REPUBLIQUE', 20, ''),
(1397, '5', 'REPUBLIQUE', 13, ''),
(1398, '8', 'REPUBLIQUE', 0, ''),
(1399, '9', 'REPUBLIQUE', 25, ''),
(1400, '11', 'REPUBLIQUE', 5, ''),
(1401, '1', 'LA DEFENSE', 1, ''),
(1402, '1', 'HOTEL DE VILLE', 16, ''),
(1403, '11', 'HOTEL DE VILLE', 2, ''),
(1404, '7', 'VILLEJUIF-LOUIS ARAGON', 0, ''),
(1405, '1', 'PALAIS-ROYAL', 13, ''),
(1406, '7', 'PALAIS-ROYAL', 0, ''),
(1407, '13', 'BASILIQUE DE SAINT-DENIS', 0, ''),
(1408, '13', 'PLAISANCE', 0, ''),
(1409, '4', 'ODEON', 16, ''),
(1410, '10', 'ODEON', 18, ''),
(1411, '1', 'CONCORDE', 11, ''),
(1412, '8', 'CONCORDE', 0, ''),
(1413, '12', 'CONCORDE', 0, ''),
(1414, '8', 'CRETEIL-PREFECTURE', 0, ''),
(1415, '5', 'LAUMIERE', 7, ''),
(1416, '5', 'OBERKAMPF', 14, ''),
(1417, '9', 'OBERKAMPF', 26, ''),
(1418, '7', 'FORT D\'AUBERVILLIERS', 0, ''),
(1419, '4', 'ALESIA', 25, ''),
(1420, '3', 'PORTE DE BAGNOLET', 25, ''),
(1421, '6', 'PASTEUR', 11, ''),
(1422, '12', 'PASTEUR', 0, ''),
(1423, '11', 'MAIRIE DES LILAS', 13, ''),
(1424, '5', 'OURCQ', 6, ''),
(1425, '8', 'ECOLE MILITAIRE', 0, ''),
(1426, '2', 'VICTOR HUGO', 2, ''),
(1427, '7', 'PORTE DE LA VILLETTE', 0, ''),
(1428, '10', 'BOULOGNE-JEAN JAURES', 2, ''),
(1429, '8', 'LEDRU-ROLLIN', 0, ''),
(1430, '2', 'ALEXANDRE DUMAS', 24, ''),
(1431, '4', 'SAINT-PLACIDE', 19, ''),
(1432, '3', 'LOUISE MICHEL', 3, ''),
(1433, '7', 'CENSIER-DAUBENTON', 0, ''),
(1434, '13', 'MALAKOFF-PLATEAU DE VANVES', 0, ''),
(1435, '13', 'GUY MOQUET', 0, ''),
(1436, '10', 'BOULOGNE-PONT DE SAINT-CLOUD', 1, ''),
(1437, '1', 'ARGENTINE', 6, ''),
(1438, '4', 'SIMPLON', 2, ''),
(1439, '9', 'SAINT-AUGUSTIN', 18, ''),
(1440, '8', 'PORTE DOREE', 0, ''),
(1441, '1', 'CHAMPS-ELYSEES-CLEMENCEAU', 10, ''),
(1442, '13', 'CHAMPS-ELYSEES-CLEMENCEAU', 0, ''),
(1443, '13', 'LES AGNETTES', 0, ''),
(1444, '1', 'TUILERIES', 12, ''),
(1445, '13', 'LA FOURCHE', 0, ''),
(1446, '12', 'ABBESSES', 0, ''),
(1447, '3', 'MALESHERBES', 7, ''),
(1448, '10', 'CLUNY LA SORBONNE', 20, ''),
(1449, '4', 'RASPAIL', 22, ''),
(1450, '6', 'RASPAIL', 14, ''),
(1451, '6', 'BOISSIERE', 3, ''),
(1452, '10', 'MABILLON', 17, ''),
(1453, '8', 'SAINT-SEBASTIEN-FROISSART', 0, ''),
(1454, '10', 'SEGUR', 13, ''),
(1455, '12', 'TRINITE-D\'ESTIENNE D\'ORVES', 0, ''),
(1456, '4', 'CITE', 14, ''),
(1457, '13', 'VARENNE', 0, ''),
(1458, '12', 'SAINT-GEORGES', 0, ''),
(1459, '12', 'ASSEMBLEE NATIONALE', 0, ''),
(1460, '7bis', 'BUTTES-CHAUMONT', 4, ''),
(1461, '3bis', 'PELLEPORT', 3, ''),
(1462, '4', 'GARE DU NORD', 6, ''),
(1463, '5', 'GARE DU NORD', 10, ''),
(1464, '3', 'SAINT-LAZARE', 10, ''),
(1466, '12', 'SAINT-LAZARE', 0, ''),
(1467, '13', 'SAINT-LAZARE', 0, ''),
(1468, '14', 'SAINT-LAZARE', 9, ''),
(1469, '4', 'GARE DE L\'EST', 7, ''),
(1470, '5', 'GARE DE L\'EST', 11, ''),
(1471, '7', 'GARE DE L\'EST', 0, ''),
(1472, '1', 'BASTILLE', 18, ''),
(1473, '5', 'BASTILLE', 17, ''),
(1474, '8', 'BASTILLE', 0, ''),
(1475, '1', 'FRANKLIN D. ROOSEVELT', 9, ''),
(1476, '9', 'FRANKLIN D. ROOSEVELT', 15, ''),
(1477, '9', 'MAIRIE DE MONTREUIL', 38, ''),
(1478, '1', 'NATION', 21, ''),
(1479, '2', 'NATION', 26, ''),
(1480, '6', 'NATION', 28, ''),
(1481, '9', 'NATION', 31, ''),
(1482, '2', 'BARBES-ROCHECHOUART', 14, ''),
(1483, '4', 'BARBES-ROCHECHOUART', 5, ''),
(1484, '13', 'CHATILLON-MONTROUGE', 0, ''),
(1485, '13', 'MAIRIE DE SAINT-OUEN', 0, ''),
(1486, '14', 'MAIRIE DE SAINT-OUEN', 13, ''),
(1487, '1', 'REUILLY-DIDEROT', 20, ''),
(1488, '8', 'REUILLY-DIDEROT', 0, ''),
(1489, '14', 'PONT CARDINET', 10, ''),
(1490, '13', 'MAIRIE DE CLICHY', 0, ''),
(1491, '4', 'MARCADET-POISSONNIERS', 3, ''),
(1492, '12', 'MARCADET-POISSONNIERS', 0, ''),
(1493, '7', 'PYRAMIDES', 0, ''),
(1494, '14', 'PYRAMIDES', 7, ''),
(1495, '9', 'MARCEL SEMBAT', 3, ''),
(1496, '1', 'GEORGE V', 8, ''),
(1497, '8', 'GRANDS BOULEVARDS', 0, ''),
(1498, '9', 'GRANDS BOULEVARDS', 22, ''),
(1499, '12', 'CONVENTION', 0, ''),
(1500, '2', 'VILLIERS', 7, ''),
(1501, '3', 'VILLIERS', 8, ''),
(1502, '2', 'PIGALLE', 11, ''),
(1503, '12', 'PIGALLE', 0, ''),
(1504, '9', 'PORTE DE SAINT-CLOUD', 4, ''),
(1505, '14', 'CLICHY SAINT-OUEN', 12, ''),
(1506, '2', 'ANVERS', 12, ''),
(1507, '6', 'BIR-HAKEIM', 6, ''),
(1508, '3bis', 'PORTE DES LILAS', 1, ''),
(1509, '11', 'PORTE DES LILAS', 12, ''),
(1510, '3', 'PONT DE LEVALLOIS-BECON', 1, ''),
(1511, '7', 'LE KREMLIN-BICETRE', 0, ''),
(1512, '12', 'JULES JOFFRIN', 0, ''),
(1513, '4', 'CHATEAU D\'EAU', 8, ''),
(1514, '4', 'DENFERT-ROCHEREAU', 23, ''),
(1515, '6', 'DENFERT-ROCHEREAU', 15, ''),
(1516, '12', 'CORENTIN CELTON', 0, ''),
(1517, '3', 'ARTS ET METIERS', 18, ''),
(1518, '11', 'ARTS ET METIERS', 4, ''),
(1519, '7', 'LES GOBELINS', 0, ''),
(1520, '3', 'ANATOLE FRANCE', 2, ''),
(1521, '2', 'TERNES', 4, ''),
(1522, '1', 'BERAULT', 24, ''),
(1523, '3', 'PORTE DE CHAMPERRET', 4, ''),
(1524, '6', 'PASSY', 5, ''),
(1525, '7', 'MAIRIE D\'IVRY', 0, ''),
(1526, '3', 'PARMENTIER', 21, ''),
(1527, '9', 'MARAICHERS', 33, ''),
(1528, '9', 'BILLANCOURT', 2, ''),
(1529, '13', 'GARIBALDI', 0, ''),
(1530, '11', 'JOURDAIN', 9, ''),
(1531, '12', 'LAMARCK-CAULAINCOURT', 0, ''),
(1532, '9', 'RANELAGH', 9, ''),
(1533, '7', 'VILLEJUIF-PAUL VAILLANT-COUTURIER', 0, ''),
(1534, '8', 'LIBERTE', 0, ''),
(1535, '10', 'JAVEL-ANDRE CITROEN', 9, ''),
(1536, '2', 'COURCELLES', 5, ''),
(1537, '2', 'FUNICULAIRE', 13, ''),
(1538, '9', 'MICHEL-ANGE-AUTEUIL', 7, ''),
(1539, '10', 'MICHEL-ANGE-AUTEUIL', 5, 'A'),
(1540, '7', 'PORTE D\'ITALIE', 0, ''),
(1541, '5', 'BREGUET-SABIN', 16, ''),
(1542, '12', 'NOTRE-DAME-DES-CHAMPS', 0, ''),
(1543, '13', 'MALAKOFF-RUE ETIENNE DOLET', 0, ''),
(1544, '9', 'MICHEL-ANGE-MOLITOR', 6, ''),
(1545, '10', 'MICHEL-ANGE-MOLITOR', 4, 'B'),
(1546, '6', 'SAINT-JACQUES', 16, ''),
(1547, '8', 'MICHEL BIZOT', 0, ''),
(1548, '8', 'LA TOUR-MAUBOURG', 0, ''),
(1549, '4', 'VAVIN', 21, ''),
(1550, '6', 'NATIONALE', 20, ''),
(1551, '7', 'MAISON BLANCHE', 0, ''),
(1552, '8', 'FELIX FAURE', 0, ''),
(1553, '7', 'CHATEAU-LANDON', 0, ''),
(1554, '7', 'SULLY-MORLAND', 0, ''),
(1555, '3', 'EUROPE', 9, ''),
(1556, '5', 'CAMPO-FORMIO', 21, ''),
(1557, '3bis', 'SAINT-FARGEAU', 2, ''),
(1558, '10', 'PORTE D\'AUTEUIL', 3, 'A'),
(1559, '4', 'BARBARA', 28, ''),
(1560, '4', 'BAGNEUX LUCIE AUBRAC', 29, '');

-- --------------------------------------------------------

--
-- Table structure for table `users`
--

CREATE TABLE `users` (
  `id` int(11) NOT NULL,
  `email` varchar(255) NOT NULL,
  `password` varchar(256) NOT NULL,
  `creation` varchar(50) NOT NULL DEFAULT current_timestamp(),
  `nom` varchar(100) NOT NULL,
  `prenom` varchar(100) NOT NULL,
  `verified` int(11) NOT NULL DEFAULT 0,
  `admin` int(11) NOT NULL DEFAULT 0
) ENGINE=InnoDB DEFAULT CHARSET=utf8mb4;

--
-- Dumping data for table `users`
--

INSERT INTO `users` (`id`, `email`, `password`, `creation`, `nom`, `prenom`, `verified`, `admin`) VALUES
(1, 'potate@captair.paris', '$2y$10$Lv76zGhAGk/I5GetxTYohOpf2DpZED5RrObQLpTzfFkKVByabKLyO', '2022-11-04 19:21:38', 'Tardieu', 'Maxime', 1, 2),
(13, 'ff@dd.com', '$2y$10$vc0qvlnX3NKcn6yKbmtGmenkIIOB.a0pWVjqcxC5US7uP.gogtjJO', '2022-11-05 00:31:21', 'Tardieu', 'Maxime', 0, 0),
(14, 'll@jj.com', '$2y$10$o/lx7QBOEjE3ttC5sUUs0un5uiP2prOGfniYtlX95CwHbDvaNuHaS', '2022-11-05 00:31:55', 'Tardieu', 'Maxime', 0, 0),
(19, 'maxime.tardieu@gmail.com', '$2y$10$eW1CmQdRO/28c7BLsl9KvOD7SOUqqNCng8DHJs1vLONIbs.8KG6DW', '2022-11-05 01:03:18', 'Tardieu', 'Maxime', 1, 0),
(24, 'mata61382@eleve.isep.fr', '$2y$10$ncYc7FqrjBQjKusftHc3peoDApDODaXxSaqEBY6a0bOLqbdfBWODK', '2022-11-08 10:27:17', 'Tardieu', 'Maxime', 1, 2),
(35, 'axeljosephantoine@gmail.com', '$2y$10$4.cEWXi2eFjGopxlg69KbuWFGEpoWXyHjcKFn1rPU92KEDcEo/avO', '2022-11-08 16:19:33', 'Tardieu', 'Maxime', 1, 0),
(36, 'maxime.tardieu@gmail.com', '$2y$10$iI1t8B8aUyJFa2sI1x8dLO3Tv9ruMI2qxkVARO64AHO.oTRIr7dWC', '2023-01-19 00:05:55', 'Tardieu', 'Maxime', 1, 2),
(38, '', '123456', '2023-01-19 12:10:11', 'Tardieu', 'Tardieu', 0, 0),
(39, 'potate@captair.paris', '$2y$10$asKe6FejhtxrzT4QbOZMY.Ntwruy9cfQU4yn7VrfXwNIl78TACTFi', '2023-01-19 12:11:38', 'Tardieu', 'Maxime', 0, 0),
(44, 'smansteelyt@gmail.com', '$2y$10$CSDxA1NNt8vLltpqE0FJx.hT9Se3Y15r.rd67bi4ZZI/ImzruLerG', '2023-01-19 20:28:22', 'Tardieu', 'Maxime', 1, 0);

--
-- Indexes for dumped tables
--

--
-- Indexes for table `air_quality`
--
ALTER TABLE `air_quality`
  ADD PRIMARY KEY (`id`);

--
-- Indexes for table `capteurs`
--
ALTER TABLE `capteurs`
  ADD PRIMARY KEY (`id_sql`);

--
-- Indexes for table `faq`
--
ALTER TABLE `faq`
  ADD PRIMARY KEY (`id`);

--
-- Indexes for table `metro_line`
--
ALTER TABLE `metro_line`
  ADD PRIMARY KEY (`id_sql`);

--
-- Indexes for table `newsletter`
--
ALTER TABLE `newsletter`
  ADD PRIMARY KEY (`id`);

--
-- Indexes for table `onetimepasses`
--
ALTER TABLE `onetimepasses`
  ADD PRIMARY KEY (`id`),
  ADD KEY `account_id` (`account_id`);

--
-- Indexes for table `stations`
--
ALTER TABLE `stations`
  ADD PRIMARY KEY (`id`);

--
-- Indexes for table `users`
--
ALTER TABLE `users`
  ADD PRIMARY KEY (`id`);

--
-- AUTO_INCREMENT for dumped tables
--

--
-- AUTO_INCREMENT for table `air_quality`
--
ALTER TABLE `air_quality`
  MODIFY `id` int(11) NOT NULL AUTO_INCREMENT, AUTO_INCREMENT=1952;

--
-- AUTO_INCREMENT for table `capteurs`
--
ALTER TABLE `capteurs`
  MODIFY `id_sql` int(11) NOT NULL AUTO_INCREMENT, AUTO_INCREMENT=5;

--
-- AUTO_INCREMENT for table `faq`
--
ALTER TABLE `faq`
  MODIFY `id` int(11) NOT NULL AUTO_INCREMENT, AUTO_INCREMENT=10;

--
-- AUTO_INCREMENT for table `metro_line`
--
ALTER TABLE `metro_line`
  MODIFY `id_sql` int(11) NOT NULL AUTO_INCREMENT, AUTO_INCREMENT=18;

--
-- AUTO_INCREMENT for table `newsletter`
--
ALTER TABLE `newsletter`
  MODIFY `id` int(11) NOT NULL AUTO_INCREMENT, AUTO_INCREMENT=22;

--
-- AUTO_INCREMENT for table `onetimepasses`
--
ALTER TABLE `onetimepasses`
  MODIFY `id` int(11) NOT NULL AUTO_INCREMENT, AUTO_INCREMENT=54;

--
-- AUTO_INCREMENT for table `stations`
--
ALTER TABLE `stations`
  MODIFY `id` int(11) NOT NULL AUTO_INCREMENT, AUTO_INCREMENT=1561;

--
-- AUTO_INCREMENT for table `users`
--
ALTER TABLE `users`
  MODIFY `id` int(11) NOT NULL AUTO_INCREMENT, AUTO_INCREMENT=45;
COMMIT;

/*!40101 SET CHARACTER_SET_CLIENT=@OLD_CHARACTER_SET_CLIENT */;
/*!40101 SET CHARACTER_SET_RESULTS=@OLD_CHARACTER_SET_RESULTS */;
/*!40101 SET COLLATION_CONNECTION=@OLD_COLLATION_CONNECTION */;
